"LOCATION","Country","VARIABLE","Variable","FREQUENCY","Frequency","TIME","Time","Unit Code","Unit","PowerCode Code","PowerCode","Reference Period Code","Reference Period","Value","Flag Codes","Flags"
"CAN","Canada","IRS","Short-term interest rate","Q","Quarterly","2013-Q1","Q1-2013","PC","Percentage","0","Units",,,1.16,,
"CAN","Canada","IRS","Short-term interest rate","Q","Quarterly","2013-Q2","Q2-2013","PC","Percentage","0","Units",,,1.16066666666667,,
"CAN","Canada","IRS","Short-term interest rate","Q","Quarterly","2013-Q3","Q3-2013","PC","Percentage","0","Units",,,1.16842424233333,,
"CAN","Canada","IRS","Short-term interest rate","Q","Quarterly","2013-Q4","Q4-2013","PC","Percentage","0","Units",,,1.16860606066667,,
"CAN","Canada","IRS","Short-term interest rate","Q","Quarterly","2014-Q1","Q1-2014","PC","Percentage","0","Units",,,1.17,,
"CAN","Canada","IRS","Short-term interest rate","Q","Quarterly","2014-Q2","Q2-2014","PC","Percentage","0","Units",,,1.173968254,,
"CAN","Canada","IRS","Short-term interest rate","Q","Quarterly","2014-Q3","Q3-2014","PC","Percentage","0","Units",,,1.17,,
"CAN","Canada","IRS","Short-term interest rate","Q","Quarterly","2014-Q4","Q4-2014","PC","Percentage","0","Units",,,1.17794486233333,,
"CAN","Canada","IRS","Short-term interest rate","Q","Quarterly","2015-Q1","Q1-2015","PC","Percentage","0","Units",,,0.967603098666667,,
"CAN","Canada","IRS","Short-term interest rate","Q","Quarterly","2015-Q2","Q2-2015","PC","Percentage","0","Units",,,0.892063492,,
"CAN","Canada","IRS","Short-term interest rate","Q","Quarterly","2015-Q3","Q3-2015","PC","Percentage","0","Units",,,0.667453102333333,,
"CAN","Canada","IRS","Short-term interest rate","Q","Quarterly","2015-Q4","Q4-2015","PC","Percentage","0","Units",,,0.763468254,,
"CAN","Canada","IRS","Short-term interest rate","Q","Quarterly","2016-Q1","Q1-2016","PC","Percentage","0","Units",,,0.7985,,
"CAN","Canada","IRS","Short-term interest rate","Q","Quarterly","2016-Q2","Q2-2016","PC","Percentage","0","Units",,,0.833528138666667,,
"CAN","Canada","IRS","Short-term interest rate","Q","Quarterly","2016-Q3","Q3-2016","PC","Percentage","0","Units",,,0.813817460333333,,
"CAN","Canada","IRS","Short-term interest rate","Q","Quarterly","2016-Q4","Q4-2016","PC","Percentage","0","Units",,,0.819666666666667,,
"CAN","Canada","IRS","Short-term interest rate","Q","Quarterly","2017-Q1","Q1-2017","PC","Percentage","0","Units",,,0.864958410333333,,
"CAN","Canada","IRS","Short-term interest rate","Q","Quarterly","2017-Q2","Q2-2017","PC","Percentage","0","Units",,,0.823173844,,
"CAN","Canada","IRS","Short-term interest rate","Q","Quarterly","2017-Q3","Q3-2017","PC","Percentage","0","Units",,,1.21421212133333,,
"CAN","Canada","IRS","Short-term interest rate","Q","Quarterly","2017-Q4","Q4-2017","PC","Percentage","0","Units",,,1.34308270666667,,
"CAN","Canada","IRS","Short-term interest rate","Q","Quarterly","2018-Q1","Q1-2018","PC","Percentage","0","Units",,,1.565604162,,
"CAN","Canada","IRS","Short-term interest rate","Q","Quarterly","2018-Q2","Q2-2018","PC","Percentage","0","Units",,,1.64634920633333,,
"CAN","Canada","IRS","Short-term interest rate","Q","Quarterly","2018-Q3","Q3-2018","PC","Percentage","0","Units",,,1.83788486366667,,
"CAN","Canada","IRS","Short-term interest rate","Q","Quarterly","2018-Q4","Q4-2018","PC","Percentage","0","Units",,,2.11257271966667,,
"CAN","Canada","IRS","Short-term interest rate","Q","Quarterly","2019-Q1","Q1-2019","PC","Percentage","0","Units",,,1.99799478066667,,
"CAN","Canada","IRS","Short-term interest rate","Q","Quarterly","2019-Q2","Q2-2019","PC","Percentage","0","Units",,,1.859267777,,
"CAN","Canada","IRS","Short-term interest rate","Q","Quarterly","2019-Q3","Q3-2019","PC","Percentage","0","Units",,,1.83756966766667,,
"CAN","Canada","IRS","Short-term interest rate","Q","Quarterly","2019-Q4","Q4-2019","PC","Percentage","0","Units",,,1.86640983333333,,
"CAN","Canada","IRS","Short-term interest rate","Q","Quarterly","2020-Q1","Q1-2020","PC","Percentage","0","Units",,,1.66068583733333,,
"CAN","Canada","IRS","Short-term interest rate","Q","Quarterly","2020-Q2","Q2-2020","PC","Percentage","0","Units",,,0.377720760333333,,
"CAN","Canada","IRS","Short-term interest rate","Q","Quarterly","2020-Q3","Q3-2020","PC","Percentage","0","Units",,,0.263354942,,
"CAN","Canada","IRS","Short-term interest rate","Q","Quarterly","2020-Q4","Q4-2020","PC","Percentage","0","Units",,,0.239247015666667,,
"CAN","Canada","IRS","Short-term interest rate","Q","Quarterly","2021-Q1","Q1-2021","PC","Percentage","0","Units",,,0.187860658666667,,
"CAN","Canada","IRS","Short-term interest rate","Q","Quarterly","2021-Q2","Q2-2021","PC","Percentage","0","Units",,,0.183437858666667,,
"CAN","Canada","IRS","Short-term interest rate","Q","Quarterly","2021-Q3","Q3-2021","PC","Percentage","0","Units",,,0.212405722333333,,
"CAN","Canada","IRS","Short-term interest rate","Q","Quarterly","2021-Q4","Q4-2021","PC","Percentage","0","Units",,,0.253356039666667,,
"CAN","Canada","IRS","Short-term interest rate","Q","Quarterly","2022-Q1","Q1-2022","PC","Percentage","0","Units",,,0.651304655666667,,
"CAN","Canada","IRS","Short-term interest rate","Q","Quarterly","2022-Q2","Q2-2022","PC","Percentage","0","Units",,,1.79195991366667,,
"CAN","Canada","IRS","Short-term interest rate","Q","Quarterly","2022-Q3","Q3-2022","PC","Percentage","0","Units",,,3.39608374233333,,
"CAN","Canada","IRS","Short-term interest rate","Q","Quarterly","2022-Q4","Q4-2022","PC","Percentage","0","Units",,,4.3867315,,
"CAN","Canada","IRS","Short-term interest rate","Q","Quarterly","2023-Q1","Q1-2023","PC","Percentage","0","Units",,,4.742762599,,
"CAN","Canada","IRS","Short-term interest rate","Q","Quarterly","2023-Q2","Q2-2023","PC","Percentage","0","Units",,,4.742762599,,
"CAN","Canada","IRS","Short-term interest rate","Q","Quarterly","2023-Q3","Q3-2023","PC","Percentage","0","Units",,,4.742762599,,
"CHL","Chile","IRS","Short-term interest rate","Q","Quarterly","2013-Q1","Q1-2013","PC","Percentage","0","Units",,,5.53043939393939,,
"CHL","Chile","IRS","Short-term interest rate","Q","Quarterly","2013-Q2","Q2-2013","PC","Percentage","0","Units",,,5.16568759018759,,
"CHL","Chile","IRS","Short-term interest rate","Q","Quarterly","2013-Q3","Q3-2013","PC","Percentage","0","Units",,,5.29484041955425,,
"CHL","Chile","IRS","Short-term interest rate","Q","Quarterly","2013-Q4","Q4-2013","PC","Percentage","0","Units",,,4.86214931918083,,
"CHL","Chile","IRS","Short-term interest rate","Q","Quarterly","2014-Q1","Q1-2014","PC","Percentage","0","Units",,,4.40497154275582,,
"CHL","Chile","IRS","Short-term interest rate","Q","Quarterly","2014-Q2","Q2-2014","PC","Percentage","0","Units",,,4.00838566950645,,
"CHL","Chile","IRS","Short-term interest rate","Q","Quarterly","2014-Q3","Q3-2014","PC","Percentage","0","Units",,,3.62936363636364,,
"CHL","Chile","IRS","Short-term interest rate","Q","Quarterly","2014-Q4","Q4-2014","PC","Percentage","0","Units",,,3.46212121212121,,
"CHL","Chile","IRS","Short-term interest rate","Q","Quarterly","2015-Q1","Q1-2015","PC","Percentage","0","Units",,,3.26327056277056,,
"CHL","Chile","IRS","Short-term interest rate","Q","Quarterly","2015-Q2","Q2-2015","PC","Percentage","0","Units",,,3.49349206349206,,
"CHL","Chile","IRS","Short-term interest rate","Q","Quarterly","2015-Q3","Q3-2015","PC","Percentage","0","Units",,,3.56265512265512,,
"CHL","Chile","IRS","Short-term interest rate","Q","Quarterly","2015-Q4","Q4-2015","PC","Percentage","0","Units",,,3.9624126984127,,
"CHL","Chile","IRS","Short-term interest rate","Q","Quarterly","2016-Q1","Q1-2016","PC","Percentage","0","Units",,,4.03063371712027,,
"CHL","Chile","IRS","Short-term interest rate","Q","Quarterly","2016-Q2","Q2-2016","PC","Percentage","0","Units",,,3.79870215112965,,
"CHL","Chile","IRS","Short-term interest rate","Q","Quarterly","2016-Q3","Q3-2016","PC","Percentage","0","Units",,,3.73540172727868,,
"CHL","Chile","IRS","Short-term interest rate","Q","Quarterly","2016-Q4","Q4-2016","PC","Percentage","0","Units",,,3.80890266986207,,
"CHL","Chile","IRS","Short-term interest rate","Q","Quarterly","2017-Q1","Q1-2017","PC","Percentage","0","Units",,,3.30266395011055,,
"CHL","Chile","IRS","Short-term interest rate","Q","Quarterly","2017-Q2","Q2-2017","PC","Percentage","0","Units",,,2.78558083890699,,
"CHL","Chile","IRS","Short-term interest rate","Q","Quarterly","2017-Q3","Q3-2017","PC","Percentage","0","Units",,,2.68662852853899,,
"CHL","Chile","IRS","Short-term interest rate","Q","Quarterly","2017-Q4","Q4-2017","PC","Percentage","0","Units",,,2.77217650702515,,
"CHL","Chile","IRS","Short-term interest rate","Q","Quarterly","2018-Q1","Q1-2018","PC","Percentage","0","Units",,,2.69830578227933,,
"CHL","Chile","IRS","Short-term interest rate","Q","Quarterly","2018-Q2","Q2-2018","PC","Percentage","0","Units",,,2.67872014397782,,
"CHL","Chile","IRS","Short-term interest rate","Q","Quarterly","2018-Q3","Q3-2018","PC","Percentage","0","Units",,,2.67430929575881,,
"CHL","Chile","IRS","Short-term interest rate","Q","Quarterly","2018-Q4","Q4-2018","PC","Percentage","0","Units",,,3.03014427298025,,
"CHL","Chile","IRS","Short-term interest rate","Q","Quarterly","2019-Q1","Q1-2019","PC","Percentage","0","Units",,,3.04056331492043,,
"CHL","Chile","IRS","Short-term interest rate","Q","Quarterly","2019-Q2","Q2-2019","PC","Percentage","0","Units",,,2.90527775866045,,
"CHL","Chile","IRS","Short-term interest rate","Q","Quarterly","2019-Q3","Q3-2019","PC","Percentage","0","Units",,,2.29023768582785,,
"CHL","Chile","IRS","Short-term interest rate","Q","Quarterly","2019-Q4","Q4-2019","PC","Percentage","0","Units",,,1.99337150263267,,
"CHL","Chile","IRS","Short-term interest rate","Q","Quarterly","2020-Q1","Q1-2020","PC","Percentage","0","Units",,,1.86808979639744,,
"CHL","Chile","IRS","Short-term interest rate","Q","Quarterly","2020-Q2","Q2-2020","PC","Percentage","0","Units",,,0.423039275392504,,
"CHL","Chile","IRS","Short-term interest rate","Q","Quarterly","2020-Q3","Q3-2020","PC","Percentage","0","Units",,,0.231875901875902,,
"CHL","Chile","IRS","Short-term interest rate","Q","Quarterly","2020-Q4","Q4-2020","PC","Percentage","0","Units",,,0.21984126984127,,
"CHL","Chile","IRS","Short-term interest rate","Q","Quarterly","2021-Q1","Q1-2021","PC","Percentage","0","Units",,,0.214108695652174,,
"CHL","Chile","IRS","Short-term interest rate","Q","Quarterly","2021-Q2","Q2-2021","PC","Percentage","0","Units",,,0.283261904761905,,
"CHL","Chile","IRS","Short-term interest rate","Q","Quarterly","2021-Q3","Q3-2021","PC","Percentage","0","Units",,,1.37937229437229,,
"CHL","Chile","IRS","Short-term interest rate","Q","Quarterly","2021-Q4","Q4-2021","PC","Percentage","0","Units",,,4.01385714285714,,
"CHL","Chile","IRS","Short-term interest rate","Q","Quarterly","2022-Q1","Q1-2022","PC","Percentage","0","Units",,,6.51692788129744,,
"CHL","Chile","IRS","Short-term interest rate","Q","Quarterly","2022-Q2","Q2-2022","PC","Percentage","0","Units",,,8.64087878787879,,
"CHL","Chile","IRS","Short-term interest rate","Q","Quarterly","2022-Q3","Q3-2022","PC","Percentage","0","Units",,,10.5338975468975,,
"CHL","Chile","IRS","Short-term interest rate","Q","Quarterly","2022-Q4","Q4-2022","PC","Percentage","0","Units",,,11.3010442773601,,
"CHL","Chile","IRS","Short-term interest rate","Q","Quarterly","2023-Q1","Q1-2023","PC","Percentage","0","Units",,,11.2628547273982,,
"CHL","Chile","IRS","Short-term interest rate","Q","Quarterly","2023-Q2","Q2-2023","PC","Percentage","0","Units",,,11.2628547273982,,
"CHL","Chile","IRS","Short-term interest rate","Q","Quarterly","2023-Q3","Q3-2023","PC","Percentage","0","Units",,,11.2628547273982,,
"MEX","Mexico","IRS","Short-term interest rate","Q","Quarterly","2013-Q1","Q1-2013","PC","Percentage","0","Units",,,4.16333333333333,,
"MEX","Mexico","IRS","Short-term interest rate","Q","Quarterly","2013-Q2","Q2-2013","PC","Percentage","0","Units",,,3.81666666666667,,
"MEX","Mexico","IRS","Short-term interest rate","Q","Quarterly","2013-Q3","Q3-2013","PC","Percentage","0","Units",,,3.82,,
"MEX","Mexico","IRS","Short-term interest rate","Q","Quarterly","2013-Q4","Q4-2013","PC","Percentage","0","Units",,,3.45333333333333,,
"MEX","Mexico","IRS","Short-term interest rate","Q","Quarterly","2014-Q1","Q1-2014","PC","Percentage","0","Units",,,3.36333333333333,,
"MEX","Mexico","IRS","Short-term interest rate","Q","Quarterly","2014-Q2","Q2-2014","PC","Percentage","0","Units",,,3.29,,
"MEX","Mexico","IRS","Short-term interest rate","Q","Quarterly","2014-Q3","Q3-2014","PC","Percentage","0","Units",,,2.88333333333333,,
"MEX","Mexico","IRS","Short-term interest rate","Q","Quarterly","2014-Q4","Q4-2014","PC","Percentage","0","Units",,,2.93,,
"MEX","Mexico","IRS","Short-term interest rate","Q","Quarterly","2015-Q1","Q1-2015","PC","Percentage","0","Units",,,2.99,,
"MEX","Mexico","IRS","Short-term interest rate","Q","Quarterly","2015-Q2","Q2-2015","PC","Percentage","0","Units",,,3.1,,
"MEX","Mexico","IRS","Short-term interest rate","Q","Quarterly","2015-Q3","Q3-2015","PC","Percentage","0","Units",,,3.27,,
"MEX","Mexico","IRS","Short-term interest rate","Q","Quarterly","2015-Q4","Q4-2015","PC","Percentage","0","Units",,,3.21333333333333,,
"MEX","Mexico","IRS","Short-term interest rate","Q","Quarterly","2016-Q1","Q1-2016","PC","Percentage","0","Units",,,3.58,,
"MEX","Mexico","IRS","Short-term interest rate","Q","Quarterly","2016-Q2","Q2-2016","PC","Percentage","0","Units",,,3.97,,
"MEX","Mexico","IRS","Short-term interest rate","Q","Quarterly","2016-Q3","Q3-2016","PC","Percentage","0","Units",,,4.41,,
"MEX","Mexico","IRS","Short-term interest rate","Q","Quarterly","2016-Q4","Q4-2016","PC","Percentage","0","Units",,,5.39666666666667,,
"MEX","Mexico","IRS","Short-term interest rate","Q","Quarterly","2017-Q1","Q1-2017","PC","Percentage","0","Units",,,6.39333333333334,,
"MEX","Mexico","IRS","Short-term interest rate","Q","Quarterly","2017-Q2","Q2-2017","PC","Percentage","0","Units",,,6.84333333333333,,
"MEX","Mexico","IRS","Short-term interest rate","Q","Quarterly","2017-Q3","Q3-2017","PC","Percentage","0","Units",,,7.09333333333333,,
"MEX","Mexico","IRS","Short-term interest rate","Q","Quarterly","2017-Q4","Q4-2017","PC","Percentage","0","Units",,,7.17666666666667,,
"MEX","Mexico","IRS","Short-term interest rate","Q","Quarterly","2018-Q1","Q1-2018","PC","Percentage","0","Units",,,7.52333333333333,,
"MEX","Mexico","IRS","Short-term interest rate","Q","Quarterly","2018-Q2","Q2-2018","PC","Percentage","0","Units",,,7.75333333333333,,
"MEX","Mexico","IRS","Short-term interest rate","Q","Quarterly","2018-Q3","Q3-2018","PC","Percentage","0","Units",,,7.90333333333333,,
"MEX","Mexico","IRS","Short-term interest rate","Q","Quarterly","2018-Q4","Q4-2018","PC","Percentage","0","Units",,,8.13666666666667,,
"MEX","Mexico","IRS","Short-term interest rate","Q","Quarterly","2019-Q1","Q1-2019","PC","Percentage","0","Units",,,8.14666666666667,,
"MEX","Mexico","IRS","Short-term interest rate","Q","Quarterly","2019-Q2","Q2-2019","PC","Percentage","0","Units",,,8.18,,
"MEX","Mexico","IRS","Short-term interest rate","Q","Quarterly","2019-Q3","Q3-2019","PC","Percentage","0","Units",,,7.95,,
"MEX","Mexico","IRS","Short-term interest rate","Q","Quarterly","2019-Q4","Q4-2019","PC","Percentage","0","Units",,,7.45333333333333,,
"MEX","Mexico","IRS","Short-term interest rate","Q","Quarterly","2020-Q1","Q1-2020","PC","Percentage","0","Units",,,6.97666666666667,,
"MEX","Mexico","IRS","Short-term interest rate","Q","Quarterly","2020-Q2","Q2-2020","PC","Percentage","0","Units",,,5.51333333333333,,
"MEX","Mexico","IRS","Short-term interest rate","Q","Quarterly","2020-Q3","Q3-2020","PC","Percentage","0","Units",,,4.53666666666667,,
"MEX","Mexico","IRS","Short-term interest rate","Q","Quarterly","2020-Q4","Q4-2020","PC","Percentage","0","Units",,,4.28666666666667,,
"MEX","Mexico","IRS","Short-term interest rate","Q","Quarterly","2021-Q1","Q1-2021","PC","Percentage","0","Units",,,4.13,,
"MEX","Mexico","IRS","Short-term interest rate","Q","Quarterly","2021-Q2","Q2-2021","PC","Percentage","0","Units",,,4.13666666666667,,
"MEX","Mexico","IRS","Short-term interest rate","Q","Quarterly","2021-Q3","Q3-2021","PC","Percentage","0","Units",,,4.77666666666667,,
"MEX","Mexico","IRS","Short-term interest rate","Q","Quarterly","2021-Q4","Q4-2021","PC","Percentage","0","Units",,,5.46,,
"MEX","Mexico","IRS","Short-term interest rate","Q","Quarterly","2022-Q1","Q1-2022","PC","Percentage","0","Units",,,6.29666666666667,,
"MEX","Mexico","IRS","Short-term interest rate","Q","Quarterly","2022-Q2","Q2-2022","PC","Percentage","0","Units",,,7.55333333333334,,
"MEX","Mexico","IRS","Short-term interest rate","Q","Quarterly","2022-Q3","Q3-2022","PC","Percentage","0","Units",,,8.94333333333333,,
"MEX","Mexico","IRS","Short-term interest rate","Q","Quarterly","2022-Q4","Q4-2022","PC","Percentage","0","Units",,,10.19,,
"MEX","Mexico","IRS","Short-term interest rate","Q","Quarterly","2023-Q1","Q1-2023","PC","Percentage","0","Units",,,11.2533333333333,,
"MEX","Mexico","IRS","Short-term interest rate","Q","Quarterly","2023-Q2","Q2-2023","PC","Percentage","0","Units",,,11.25,,
"MEX","Mexico","IRS","Short-term interest rate","Q","Quarterly","2023-Q3","Q3-2023","PC","Percentage","0","Units",,,11.25,,
"CHL","Chile","IRL","Long-term interest rate on government bonds","Q","Quarterly","2013-Q1","Q1-2013","PC","Percentage","0","Units",,,5.629134298,,
"CHL","Chile","IRL","Long-term interest rate on government bonds","Q","Quarterly","2013-Q2","Q2-2013","PC","Percentage","0","Units",,,5.241192661,,
"CHL","Chile","IRL","Long-term interest rate on government bonds","Q","Quarterly","2013-Q3","Q3-2013","PC","Percentage","0","Units",,,5.27693272533333,,
"CHL","Chile","IRL","Long-term interest rate on government bonds","Q","Quarterly","2013-Q4","Q4-2013","PC","Percentage","0","Units",,,5.08768890033333,,
"CHL","Chile","IRL","Long-term interest rate on government bonds","Q","Quarterly","2014-Q1","Q1-2014","PC","Percentage","0","Units",,,5.02521795733333,,
"CHL","Chile","IRL","Long-term interest rate on government bonds","Q","Quarterly","2014-Q2","Q2-2014","PC","Percentage","0","Units",,,4.91014770233333,,
"CHL","Chile","IRL","Long-term interest rate on government bonds","Q","Quarterly","2014-Q3","Q3-2014","PC","Percentage","0","Units",,,4.531706974,,
"CHL","Chile","IRL","Long-term interest rate on government bonds","Q","Quarterly","2014-Q4","Q4-2014","PC","Percentage","0","Units",,,4.47938843433333,,
"CHL","Chile","IRL","Long-term interest rate on government bonds","Q","Quarterly","2015-Q1","Q1-2015","PC","Percentage","0","Units",,,4.24320122166667,,
"CHL","Chile","IRL","Long-term interest rate on government bonds","Q","Quarterly","2015-Q2","Q2-2015","PC","Percentage","0","Units",,,4.56730433233333,,
"CHL","Chile","IRL","Long-term interest rate on government bonds","Q","Quarterly","2015-Q3","Q3-2015","PC","Percentage","0","Units",,,4.55757633966667,,
"CHL","Chile","IRL","Long-term interest rate on government bonds","Q","Quarterly","2015-Q4","Q4-2015","PC","Percentage","0","Units",,,4.55280396366667,,
"CHL","Chile","IRL","Long-term interest rate on government bonds","Q","Quarterly","2016-Q1","Q1-2016","PC","Percentage","0","Units",,,4.48324755666667,,
"CHL","Chile","IRL","Long-term interest rate on government bonds","Q","Quarterly","2016-Q2","Q2-2016","PC","Percentage","0","Units",,,4.47996678166667,,
"CHL","Chile","IRL","Long-term interest rate on government bonds","Q","Quarterly","2016-Q3","Q3-2016","PC","Percentage","0","Units",,,4.30659572033333,,
"CHL","Chile","IRL","Long-term interest rate on government bonds","Q","Quarterly","2016-Q4","Q4-2016","PC","Percentage","0","Units",,,4.35129723933333,,
"CHL","Chile","IRL","Long-term interest rate on government bonds","Q","Quarterly","2017-Q1","Q1-2017","PC","Percentage","0","Units",,,4.173561557,,
"CHL","Chile","IRL","Long-term interest rate on government bonds","Q","Quarterly","2017-Q2","Q2-2017","PC","Percentage","0","Units",,,3.97924317833334,,
"CHL","Chile","IRL","Long-term interest rate on government bonds","Q","Quarterly","2017-Q3","Q3-2017","PC","Percentage","0","Units",,,4.28908871233334,,
"CHL","Chile","IRL","Long-term interest rate on government bonds","Q","Quarterly","2017-Q4","Q4-2017","PC","Percentage","0","Units",,,4.53793993266667,,
"CHL","Chile","IRL","Long-term interest rate on government bonds","Q","Quarterly","2018-Q1","Q1-2018","PC","Percentage","0","Units",,,4.52120048333333,,
"CHL","Chile","IRL","Long-term interest rate on government bonds","Q","Quarterly","2018-Q2","Q2-2018","PC","Percentage","0","Units",,,4.49889809433333,,
"CHL","Chile","IRL","Long-term interest rate on government bonds","Q","Quarterly","2018-Q3","Q3-2018","PC","Percentage","0","Units",,,4.51460194933333,,
"CHL","Chile","IRL","Long-term interest rate on government bonds","Q","Quarterly","2018-Q4","Q4-2018","PC","Percentage","0","Units",,,4.45672859333333,,
"CHL","Chile","IRL","Long-term interest rate on government bonds","Q","Quarterly","2019-Q1","Q1-2019","PC","Percentage","0","Units",,,4.37966333166667,,
"CHL","Chile","IRL","Long-term interest rate on government bonds","Q","Quarterly","2019-Q2","Q2-2019","PC","Percentage","0","Units",,,3.88089169566667,,
"CHL","Chile","IRL","Long-term interest rate on government bonds","Q","Quarterly","2019-Q3","Q3-2019","PC","Percentage","0","Units",,,2.85729866566667,,
"CHL","Chile","IRL","Long-term interest rate on government bonds","Q","Quarterly","2019-Q4","Q4-2019","PC","Percentage","0","Units",,,3.19369280033333,,
"CHL","Chile","IRL","Long-term interest rate on government bonds","Q","Quarterly","2020-Q1","Q1-2020","PC","Percentage","0","Units",,,3.40003551133333,,
"CHL","Chile","IRL","Long-term interest rate on government bonds","Q","Quarterly","2020-Q2","Q2-2020","PC","Percentage","0","Units",,,2.62483936166667,,
"CHL","Chile","IRL","Long-term interest rate on government bonds","Q","Quarterly","2020-Q3","Q3-2020","PC","Percentage","0","Units",,,2.50852609733333,,
"CHL","Chile","IRL","Long-term interest rate on government bonds","Q","Quarterly","2020-Q4","Q4-2020","PC","Percentage","0","Units",,,2.660851615,,
"CHL","Chile","IRL","Long-term interest rate on government bonds","Q","Quarterly","2021-Q1","Q1-2021","PC","Percentage","0","Units",,,2.84569307733333,,
"CHL","Chile","IRL","Long-term interest rate on government bonds","Q","Quarterly","2021-Q2","Q2-2021","PC","Percentage","0","Units",,,3.84290099633333,,
"CHL","Chile","IRL","Long-term interest rate on government bonds","Q","Quarterly","2021-Q3","Q3-2021","PC","Percentage","0","Units",,,4.80591091466667,,
"CHL","Chile","IRL","Long-term interest rate on government bonds","Q","Quarterly","2021-Q4","Q4-2021","PC","Percentage","0","Units",,,5.95185538633333,,
"CHL","Chile","IRL","Long-term interest rate on government bonds","Q","Quarterly","2022-Q1","Q1-2022","PC","Percentage","0","Units",,,5.93606380333333,,
"CHL","Chile","IRL","Long-term interest rate on government bonds","Q","Quarterly","2022-Q2","Q2-2022","PC","Percentage","0","Units",,,6.53048797133333,,
"CHL","Chile","IRL","Long-term interest rate on government bonds","Q","Quarterly","2022-Q3","Q3-2022","PC","Percentage","0","Units",,,6.656430962,,
"CHL","Chile","IRL","Long-term interest rate on government bonds","Q","Quarterly","2022-Q4","Q4-2022","PC","Percentage","0","Units",,,5.91710665833333,,
"CHL","Chile","IRL","Long-term interest rate on government bonds","Q","Quarterly","2023-Q1","Q1-2023","PC","Percentage","0","Units",,,5.52447789,,
"CHL","Chile","IRL","Long-term interest rate on government bonds","Q","Quarterly","2023-Q2","Q2-2023","PC","Percentage","0","Units",,,5.52447789,,
"CHL","Chile","IRL","Long-term interest rate on government bonds","Q","Quarterly","2023-Q3","Q3-2023","PC","Percentage","0","Units",,,5.52447789,,
"USA","United States","IRS","Short-term interest rate","Q","Quarterly","2013-Q1","Q1-2013","PC","Percentage","0","Units",,,0.22,,
"USA","United States","IRS","Short-term interest rate","Q","Quarterly","2013-Q2","Q2-2013","PC","Percentage","0","Units",,,0.196666666666667,,
"USA","United States","IRS","Short-term interest rate","Q","Quarterly","2013-Q3","Q3-2013","PC","Percentage","0","Units",,,0.123333333333333,,
"USA","United States","IRS","Short-term interest rate","Q","Quarterly","2013-Q4","Q4-2013","PC","Percentage","0","Units",,,0.126666666666667,,
"USA","United States","IRS","Short-term interest rate","Q","Quarterly","2014-Q1","Q1-2014","PC","Percentage","0","Units",,,0.123333333333333,,
"USA","United States","IRS","Short-term interest rate","Q","Quarterly","2014-Q2","Q2-2014","PC","Percentage","0","Units",,,0.113333333333333,,
"USA","United States","IRS","Short-term interest rate","Q","Quarterly","2014-Q3","Q3-2014","PC","Percentage","0","Units",,,0.126666666666667,,
"USA","United States","IRS","Short-term interest rate","Q","Quarterly","2014-Q4","Q4-2014","PC","Percentage","0","Units",,,0.133333333333333,,
"USA","United States","IRS","Short-term interest rate","Q","Quarterly","2015-Q1","Q1-2015","PC","Percentage","0","Units",,,0.15,,
"USA","United States","IRS","Short-term interest rate","Q","Quarterly","2015-Q2","Q2-2015","PC","Percentage","0","Units",,,0.153333333333333,,
"USA","United States","IRS","Short-term interest rate","Q","Quarterly","2015-Q3","Q3-2015","PC","Percentage","0","Units",,,0.24,,
"USA","United States","IRS","Short-term interest rate","Q","Quarterly","2015-Q4","Q4-2015","PC","Percentage","0","Units",,,0.363333333333333,,
"USA","United States","IRS","Short-term interest rate","Q","Quarterly","2016-Q1","Q1-2016","PC","Percentage","0","Units",,,0.553333333333333,,
"USA","United States","IRS","Short-term interest rate","Q","Quarterly","2016-Q2","Q2-2016","PC","Percentage","0","Units",,,0.556666666666667,,
"USA","United States","IRS","Short-term interest rate","Q","Quarterly","2016-Q3","Q3-2016","PC","Percentage","0","Units",,,0.7,,
"USA","United States","IRS","Short-term interest rate","Q","Quarterly","2016-Q4","Q4-2016","PC","Percentage","0","Units",,,0.766666666666667,,
"USA","United States","IRS","Short-term interest rate","Q","Quarterly","2017-Q1","Q1-2017","PC","Percentage","0","Units",,,0.916666666666666,,
"USA","United States","IRS","Short-term interest rate","Q","Quarterly","2017-Q2","Q2-2017","PC","Percentage","0","Units",,,1.08,,
"USA","United States","IRS","Short-term interest rate","Q","Quarterly","2017-Q3","Q3-2017","PC","Percentage","0","Units",,,1.24,,
"USA","United States","IRS","Short-term interest rate","Q","Quarterly","2017-Q4","Q4-2017","PC","Percentage","0","Units",,,1.37333333333333,,
"USA","United States","IRS","Short-term interest rate","Q","Quarterly","2018-Q1","Q1-2018","PC","Percentage","0","Units",,,1.83,,
"USA","United States","IRS","Short-term interest rate","Q","Quarterly","2018-Q2","Q2-2018","PC","Percentage","0","Units",,,2.18333333333333,,
"USA","United States","IRS","Short-term interest rate","Q","Quarterly","2018-Q3","Q3-2018","PC","Percentage","0","Units",,,2.2,,
"USA","United States","IRS","Short-term interest rate","Q","Quarterly","2018-Q4","Q4-2018","PC","Percentage","0","Units",,,2.54,,
"USA","United States","IRS","Short-term interest rate","Q","Quarterly","2019-Q1","Q1-2019","PC","Percentage","0","Units",,,2.52,,
"USA","United States","IRS","Short-term interest rate","Q","Quarterly","2019-Q2","Q2-2019","PC","Percentage","0","Units",,,2.40333333333333,,
"USA","United States","IRS","Short-term interest rate","Q","Quarterly","2019-Q3","Q3-2019","PC","Percentage","0","Units",,,2.10333333333333,,
"USA","United States","IRS","Short-term interest rate","Q","Quarterly","2019-Q4","Q4-2019","PC","Percentage","0","Units",,,1.80333333333333,,
"USA","United States","IRS","Short-term interest rate","Q","Quarterly","2020-Q1","Q1-2020","PC","Percentage","0","Units",,,1.53,,
"USA","United States","IRS","Short-term interest rate","Q","Quarterly","2020-Q2","Q2-2020","PC","Percentage","0","Units",,,0.582353947298981,,
"USA","United States","IRS","Short-term interest rate","Q","Quarterly","2020-Q3","Q3-2020","PC","Percentage","0","Units",,,0.153333333333333,,
"USA","United States","IRS","Short-term interest rate","Q","Quarterly","2020-Q4","Q4-2020","PC","Percentage","0","Units",,,0.15,,
"USA","United States","IRS","Short-term interest rate","Q","Quarterly","2021-Q1","Q1-2021","PC","Percentage","0","Units",,,0.116666666666667,,
"USA","United States","IRS","Short-term interest rate","Q","Quarterly","2021-Q2","Q2-2021","PC","Percentage","0","Units",,,0.1,,
"USA","United States","IRS","Short-term interest rate","Q","Quarterly","2021-Q3","Q3-2021","PC","Percentage","0","Units",,,0.1,,
"USA","United States","IRS","Short-term interest rate","Q","Quarterly","2021-Q4","Q4-2021","PC","Percentage","0","Units",,,0.14,,
"USA","United States","IRS","Short-term interest rate","Q","Quarterly","2022-Q1","Q1-2022","PC","Percentage","0","Units",,,0.443333333333334,,
"USA","United States","IRS","Short-term interest rate","Q","Quarterly","2022-Q2","Q2-2022","PC","Percentage","0","Units",,,1.37,,
"USA","United States","IRS","Short-term interest rate","Q","Quarterly","2022-Q3","Q3-2022","PC","Percentage","0","Units",,,2.82333333333333,,
"USA","United States","IRS","Short-term interest rate","Q","Quarterly","2022-Q4","Q4-2022","PC","Percentage","0","Units",,,4.27333333333333,,
"USA","United States","IRS","Short-term interest rate","Q","Quarterly","2023-Q1","Q1-2023","PC","Percentage","0","Units",,,4.75333333333333,,
"USA","United States","IRS","Short-term interest rate","Q","Quarterly","2023-Q2","Q2-2023","PC","Percentage","0","Units",,,5,,
"USA","United States","IRS","Short-term interest rate","Q","Quarterly","2023-Q3","Q3-2023","PC","Percentage","0","Units",,,5.35,,
"MEX","Mexico","IRL","Long-term interest rate on government bonds","Q","Quarterly","2013-Q1","Q1-2013","PC","Percentage","0","Units",,,6.01386152566667,,
"MEX","Mexico","IRL","Long-term interest rate on government bonds","Q","Quarterly","2013-Q2","Q2-2013","PC","Percentage","0","Units",,,5.28,,
"MEX","Mexico","IRL","Long-term interest rate on government bonds","Q","Quarterly","2013-Q3","Q3-2013","PC","Percentage","0","Units",,,6.518027531,,
"MEX","Mexico","IRL","Long-term interest rate on government bonds","Q","Quarterly","2013-Q4","Q4-2013","PC","Percentage","0","Units",,,6.58219353666667,,
"MEX","Mexico","IRL","Long-term interest rate on government bonds","Q","Quarterly","2014-Q1","Q1-2014","PC","Percentage","0","Units",,,6.73031804066667,,
"MEX","Mexico","IRL","Long-term interest rate on government bonds","Q","Quarterly","2014-Q2","Q2-2014","PC","Percentage","0","Units",,,6.461150713,,
"MEX","Mexico","IRL","Long-term interest rate on government bonds","Q","Quarterly","2014-Q3","Q3-2014","PC","Percentage","0","Units",,,6.22260855066667,,
"MEX","Mexico","IRL","Long-term interest rate on government bonds","Q","Quarterly","2014-Q4","Q4-2014","PC","Percentage","0","Units",,,5.98666666666667,,
"MEX","Mexico","IRL","Long-term interest rate on government bonds","Q","Quarterly","2015-Q1","Q1-2015","PC","Percentage","0","Units",,,6.21010788933333,,
"MEX","Mexico","IRL","Long-term interest rate on government bonds","Q","Quarterly","2015-Q2","Q2-2015","PC","Percentage","0","Units",,,6.43760722833333,,
"MEX","Mexico","IRL","Long-term interest rate on government bonds","Q","Quarterly","2015-Q3","Q3-2015","PC","Percentage","0","Units",,,6.44573173233333,,
"MEX","Mexico","IRL","Long-term interest rate on government bonds","Q","Quarterly","2015-Q4","Q4-2015","PC","Percentage","0","Units",,,6.83437913966667,,
"MEX","Mexico","IRL","Long-term interest rate on government bonds","Q","Quarterly","2016-Q1","Q1-2016","PC","Percentage","0","Units",,,6.11,,
"MEX","Mexico","IRL","Long-term interest rate on government bonds","Q","Quarterly","2016-Q2","Q2-2016","PC","Percentage","0","Units",,,6.36406374333333,,
"MEX","Mexico","IRL","Long-term interest rate on government bonds","Q","Quarterly","2016-Q3","Q3-2016","PC","Percentage","0","Units",,,6.355521581,,
"MEX","Mexico","IRL","Long-term interest rate on government bonds","Q","Quarterly","2016-Q4","Q4-2016","PC","Percentage","0","Units",,,6.786354253,,
"MEX","Mexico","IRL","Long-term interest rate on government bonds","Q","Quarterly","2017-Q1","Q1-2017","PC","Percentage","0","Units",,,7.32781209066667,,
"MEX","Mexico","IRL","Long-term interest rate on government bonds","Q","Quarterly","2017-Q2","Q2-2017","PC","Percentage","0","Units",,,7.16531142933333,,
"MEX","Mexico","IRL","Long-term interest rate on government bonds","Q","Quarterly","2017-Q3","Q3-2017","PC","Percentage","0","Units",,,6.85333333333333,,
"MEX","Mexico","IRL","Long-term interest rate on government bonds","Q","Quarterly","2017-Q4","Q4-2017","PC","Percentage","0","Units",,,7.20281076833333,,
"MEX","Mexico","IRL","Long-term interest rate on government bonds","Q","Quarterly","2018-Q1","Q1-2018","PC","Percentage","0","Units",,,7.337601939,,
"MEX","Mexico","IRL","Long-term interest rate on government bonds","Q","Quarterly","2018-Q2","Q2-2018","PC","Percentage","0","Units",,,7.40843461133333,,
"MEX","Mexico","IRL","Long-term interest rate on government bonds","Q","Quarterly","2018-Q3","Q3-2018","PC","Percentage","0","Units",,,7.44593395033333,,
"MEX","Mexico","IRL","Long-term interest rate on government bonds","Q","Quarterly","2018-Q4","Q4-2018","PC","Percentage","0","Units",,,8.000725121,,
"MEX","Mexico","IRL","Long-term interest rate on government bonds","Q","Quarterly","2019-Q1","Q1-2019","PC","Percentage","0","Units",,,8.40333333333333,,
"MEX","Mexico","IRL","Long-term interest rate on government bonds","Q","Quarterly","2019-Q2","Q2-2019","PC","Percentage","0","Units",,,7.53155779333334,,
"MEX","Mexico","IRL","Long-term interest rate on government bonds","Q","Quarterly","2019-Q3","Q3-2019","PC","Percentage","0","Units",,,7.08301563066667,,
"MEX","Mexico","IRL","Long-term interest rate on government bonds","Q","Quarterly","2019-Q4","Q4-2019","PC","Percentage","0","Units",,,6.86718163633333,,
"MEX","Mexico","IRL","Long-term interest rate on government bonds","Q","Quarterly","2020-Q1","Q1-2020","PC","Percentage","0","Units",,,6.62134764166667,,
"MEX","Mexico","IRL","Long-term interest rate on government bonds","Q","Quarterly","2020-Q2","Q2-2020","PC","Percentage","0","Units",,,6.64613881266667,,
"MEX","Mexico","IRL","Long-term interest rate on government bonds","Q","Quarterly","2020-Q3","Q3-2020","PC","Percentage","0","Units",,,5.75333333333333,,
"MEX","Mexico","IRL","Long-term interest rate on government bonds","Q","Quarterly","2020-Q4","Q4-2020","PC","Percentage","0","Units",,,6.06697148466667,,
"MEX","Mexico","IRL","Long-term interest rate on government bonds","Q","Quarterly","2021-Q1","Q1-2021","PC","Percentage","0","Units",,,6.09113749033333,,
"MEX","Mexico","IRL","Long-term interest rate on government bonds","Q","Quarterly","2021-Q2","Q2-2021","PC","Percentage","0","Units",,,6.53259532766667,,
"MEX","Mexico","IRL","Long-term interest rate on government bonds","Q","Quarterly","2021-Q3","Q3-2021","PC","Percentage","0","Units",,,6.73676133333333,,
"MEX","Mexico","IRL","Long-term interest rate on government bonds","Q","Quarterly","2021-Q4","Q4-2021","PC","Percentage","0","Units",,,7.57333333333333,,
"MEX","Mexico","IRL","Long-term interest rate on government bonds","Q","Quarterly","2022-Q1","Q1-2022","PC","Percentage","0","Units",,,7.520927339,,
"MEX","Mexico","IRL","Long-term interest rate on government bonds","Q","Quarterly","2022-Q2","Q2-2022","PC","Percentage","0","Units",,,8.98333333333333,,
"MEX","Mexico","IRL","Long-term interest rate on government bonds","Q","Quarterly","2022-Q3","Q3-2022","PC","Percentage","0","Units",,,8.026551182,,
"MEX","Mexico","IRL","Long-term interest rate on government bonds","Q","Quarterly","2022-Q4","Q4-2022","PC","Percentage","0","Units",,,9.40333333333333,,
"MEX","Mexico","IRL","Long-term interest rate on government bonds","Q","Quarterly","2023-Q1","Q1-2023","PC","Percentage","0","Units",,,10.15,,
"MEX","Mexico","IRL","Long-term interest rate on government bonds","Q","Quarterly","2023-Q2","Q2-2023","PC","Percentage","0","Units",,,10.15,,
"MEX","Mexico","IRL","Long-term interest rate on government bonds","Q","Quarterly","2023-Q3","Q3-2023","PC","Percentage","0","Units",,,10.15,,
"CAN","Canada","IRL","Long-term interest rate on government bonds","Q","Quarterly","2013-Q1","Q1-2013","PC","Percentage","0","Units",,,1.91691945773525,,
"CAN","Canada","IRL","Long-term interest rate on government bonds","Q","Quarterly","2013-Q2","Q2-2013","PC","Percentage","0","Units",,,1.96498484848485,,
"CAN","Canada","IRL","Long-term interest rate on government bonds","Q","Quarterly","2013-Q3","Q3-2013","PC","Percentage","0","Units",,,2.5825367965368,,
"CAN","Canada","IRL","Long-term interest rate on government bonds","Q","Quarterly","2013-Q4","Q4-2013","PC","Percentage","0","Units",,,2.58339393939394,,
"CAN","Canada","IRL","Long-term interest rate on government bonds","Q","Quarterly","2014-Q1","Q1-2014","PC","Percentage","0","Units",,,2.46945887445887,,
"CAN","Canada","IRL","Long-term interest rate on government bonds","Q","Quarterly","2014-Q2","Q2-2014","PC","Percentage","0","Units",,,2.35285714285714,,
"CAN","Canada","IRL","Long-term interest rate on government bonds","Q","Quarterly","2014-Q3","Q3-2014","PC","Percentage","0","Units",,,2.14583261183261,,
"CAN","Canada","IRL","Long-term interest rate on government bonds","Q","Quarterly","2014-Q4","Q4-2014","PC","Percentage","0","Units",,,1.95517240069872,,
"CAN","Canada","IRL","Long-term interest rate on government bonds","Q","Quarterly","2015-Q1","Q1-2015","PC","Percentage","0","Units",,,1.44218386876282,,
"CAN","Canada","IRL","Long-term interest rate on government bonds","Q","Quarterly","2015-Q2","Q2-2015","PC","Percentage","0","Units",,,1.64498412698413,,
"CAN","Canada","IRL","Long-term interest rate on government bonds","Q","Quarterly","2015-Q3","Q3-2015","PC","Percentage","0","Units",,,1.48082467532467,,
"CAN","Canada","IRL","Long-term interest rate on government bonds","Q","Quarterly","2015-Q4","Q4-2015","PC","Percentage","0","Units",,,1.51878571428571,,
"CAN","Canada","IRL","Long-term interest rate on government bonds","Q","Quarterly","2016-Q1","Q1-2016","PC","Percentage","0","Units",,,1.21689393939394,,
"CAN","Canada","IRL","Long-term interest rate on government bonds","Q","Quarterly","2016-Q2","Q2-2016","PC","Percentage","0","Units",,,1.28479076479077,,
"CAN","Canada","IRL","Long-term interest rate on government bonds","Q","Quarterly","2016-Q3","Q3-2016","PC","Percentage","0","Units",,,1.05997258297258,,
"CAN","Canada","IRL","Long-term interest rate on government bonds","Q","Quarterly","2016-Q4","Q4-2016","PC","Percentage","0","Units",,,1.44537301587302,,
"CAN","Canada","IRL","Long-term interest rate on government bonds","Q","Quarterly","2017-Q1","Q1-2017","PC","Percentage","0","Units",,,1.71294468054193,,
"CAN","Canada","IRL","Long-term interest rate on government bonds","Q","Quarterly","2017-Q2","Q2-2017","PC","Percentage","0","Units",,,1.51302232854864,,
"CAN","Canada","IRL","Long-term interest rate on government bonds","Q","Quarterly","2017-Q3","Q3-2017","PC","Percentage","0","Units",,,1.94704545454545,,
"CAN","Canada","IRL","Long-term interest rate on government bonds","Q","Quarterly","2017-Q4","Q4-2017","PC","Percentage","0","Units",,,1.96159565580618,,
"CAN","Canada","IRL","Long-term interest rate on government bonds","Q","Quarterly","2018-Q1","Q1-2018","PC","Percentage","0","Units",,,2.23698792435635,,
"CAN","Canada","IRL","Long-term interest rate on government bonds","Q","Quarterly","2018-Q2","Q2-2018","PC","Percentage","0","Units",,,2.27784992784993,,
"CAN","Canada","IRL","Long-term interest rate on government bonds","Q","Quarterly","2018-Q3","Q3-2018","PC","Percentage","0","Units",,,2.27876053770791,,
"CAN","Canada","IRL","Long-term interest rate on government bonds","Q","Quarterly","2018-Q4","Q4-2018","PC","Percentage","0","Units",,,2.31805004936584,,
"CAN","Canada","IRL","Long-term interest rate on government bonds","Q","Quarterly","2019-Q1","Q1-2019","PC","Percentage","0","Units",,,1.85779524568998,,
"CAN","Canada","IRL","Long-term interest rate on government bonds","Q","Quarterly","2019-Q2","Q2-2019","PC","Percentage","0","Units",,,1.61654761904762,,
"CAN","Canada","IRL","Long-term interest rate on government bonds","Q","Quarterly","2019-Q3","Q3-2019","PC","Percentage","0","Units",,,1.36277633477634,,
"CAN","Canada","IRL","Long-term interest rate on government bonds","Q","Quarterly","2019-Q4","Q4-2019","PC","Percentage","0","Units",,,1.51784848484848,,
"CAN","Canada","IRL","Long-term interest rate on government bonds","Q","Quarterly","2020-Q1","Q1-2020","PC","Percentage","0","Units",,,1.20203349282297,,
"CAN","Canada","IRL","Long-term interest rate on government bonds","Q","Quarterly","2020-Q2","Q2-2020","PC","Percentage","0","Units",,,0.589835497835498,,
"CAN","Canada","IRL","Long-term interest rate on government bonds","Q","Quarterly","2020-Q3","Q3-2020","PC","Percentage","0","Units",,,0.546462481962482,,
"CAN","Canada","IRL","Long-term interest rate on government bonds","Q","Quarterly","2020-Q4","Q4-2020","PC","Percentage","0","Units",,,0.674103174603175,,
"CAN","Canada","IRL","Long-term interest rate on government bonds","Q","Quarterly","2021-Q1","Q1-2021","PC","Percentage","0","Units",,,1.13383180778032,,
"CAN","Canada","IRL","Long-term interest rate on government bonds","Q","Quarterly","2021-Q2","Q2-2021","PC","Percentage","0","Units",,,1.48839682539683,,
"CAN","Canada","IRL","Long-term interest rate on government bonds","Q","Quarterly","2021-Q3","Q3-2021","PC","Percentage","0","Units",,,1.23544444444444,,
"CAN","Canada","IRL","Long-term interest rate on government bonds","Q","Quarterly","2021-Q4","Q4-2021","PC","Percentage","0","Units",,,1.57757142857143,,
"CAN","Canada","IRL","Long-term interest rate on government bonds","Q","Quarterly","2022-Q1","Q1-2022","PC","Percentage","0","Units",,,1.92354919908467,,
"CAN","Canada","IRL","Long-term interest rate on government bonds","Q","Quarterly","2022-Q2","Q2-2022","PC","Percentage","0","Units",,,2.97934199134199,,
"CAN","Canada","IRL","Long-term interest rate on government bonds","Q","Quarterly","2022-Q3","Q3-2022","PC","Percentage","0","Units",,,3.00869696969697,,
"CAN","Canada","IRL","Long-term interest rate on government bonds","Q","Quarterly","2022-Q4","Q4-2022","PC","Percentage","0","Units",,,3.16273015873016,,
"CAN","Canada","IRL","Long-term interest rate on government bonds","Q","Quarterly","2023-Q1","Q1-2023","PC","Percentage","0","Units",,,3.03510261160147,,
"CAN","Canada","IRL","Long-term interest rate on government bonds","Q","Quarterly","2023-Q2","Q2-2023","PC","Percentage","0","Units",,,3.03510261160147,,
"CAN","Canada","IRL","Long-term interest rate on government bonds","Q","Quarterly","2023-Q3","Q3-2023","PC","Percentage","0","Units",,,3.03510261160147,,
"USA","United States","IRL","Long-term interest rate on government bonds","Q","Quarterly","2013-Q1","Q1-2013","PC","Percentage","0","Units",,,1.95,,
"USA","United States","IRL","Long-term interest rate on government bonds","Q","Quarterly","2013-Q2","Q2-2013","PC","Percentage","0","Units",,,1.99666666666667,,
"USA","United States","IRL","Long-term interest rate on government bonds","Q","Quarterly","2013-Q3","Q3-2013","PC","Percentage","0","Units",,,2.71,,
"USA","United States","IRL","Long-term interest rate on government bonds","Q","Quarterly","2013-Q4","Q4-2013","PC","Percentage","0","Units",,,2.74666666666667,,
"USA","United States","IRL","Long-term interest rate on government bonds","Q","Quarterly","2014-Q1","Q1-2014","PC","Percentage","0","Units",,,2.76333333333333,,
"USA","United States","IRL","Long-term interest rate on government bonds","Q","Quarterly","2014-Q2","Q2-2014","PC","Percentage","0","Units",,,2.62333333333333,,
"USA","United States","IRL","Long-term interest rate on government bonds","Q","Quarterly","2014-Q3","Q3-2014","PC","Percentage","0","Units",,,2.49666666666667,,
"USA","United States","IRL","Long-term interest rate on government bonds","Q","Quarterly","2014-Q4","Q4-2014","PC","Percentage","0","Units",,,2.28,,
"USA","United States","IRL","Long-term interest rate on government bonds","Q","Quarterly","2015-Q1","Q1-2015","PC","Percentage","0","Units",,,1.96666666666667,,
"USA","United States","IRL","Long-term interest rate on government bonds","Q","Quarterly","2015-Q2","Q2-2015","PC","Percentage","0","Units",,,2.16666666666667,,
"USA","United States","IRL","Long-term interest rate on government bonds","Q","Quarterly","2015-Q3","Q3-2015","PC","Percentage","0","Units",,,2.22,,
"USA","United States","IRL","Long-term interest rate on government bonds","Q","Quarterly","2015-Q4","Q4-2015","PC","Percentage","0","Units",,,2.19,,
"USA","United States","IRL","Long-term interest rate on government bonds","Q","Quarterly","2016-Q1","Q1-2016","PC","Percentage","0","Units",,,1.92,,
"USA","United States","IRL","Long-term interest rate on government bonds","Q","Quarterly","2016-Q2","Q2-2016","PC","Percentage","0","Units",,,1.75333333333333,,
"USA","United States","IRL","Long-term interest rate on government bonds","Q","Quarterly","2016-Q3","Q3-2016","PC","Percentage","0","Units",,,1.56333333333333,,
"USA","United States","IRL","Long-term interest rate on government bonds","Q","Quarterly","2016-Q4","Q4-2016","PC","Percentage","0","Units",,,2.13,,
"USA","United States","IRL","Long-term interest rate on government bonds","Q","Quarterly","2017-Q1","Q1-2017","PC","Percentage","0","Units",,,2.44333333333333,,
"USA","United States","IRL","Long-term interest rate on government bonds","Q","Quarterly","2017-Q2","Q2-2017","PC","Percentage","0","Units",,,2.26333333333333,,
"USA","United States","IRL","Long-term interest rate on government bonds","Q","Quarterly","2017-Q3","Q3-2017","PC","Percentage","0","Units",,,2.24333333333333,,
"USA","United States","IRL","Long-term interest rate on government bonds","Q","Quarterly","2017-Q4","Q4-2017","PC","Percentage","0","Units",,,2.37,,
"USA","United States","IRL","Long-term interest rate on government bonds","Q","Quarterly","2018-Q1","Q1-2018","PC","Percentage","0","Units",,,2.76,,
"USA","United States","IRL","Long-term interest rate on government bonds","Q","Quarterly","2018-Q2","Q2-2018","PC","Percentage","0","Units",,,2.92,,
"USA","United States","IRL","Long-term interest rate on government bonds","Q","Quarterly","2018-Q3","Q3-2018","PC","Percentage","0","Units",,,2.92666666666667,,
"USA","United States","IRL","Long-term interest rate on government bonds","Q","Quarterly","2018-Q4","Q4-2018","PC","Percentage","0","Units",,,3.03333333333333,,
"USA","United States","IRL","Long-term interest rate on government bonds","Q","Quarterly","2019-Q1","Q1-2019","PC","Percentage","0","Units",,,2.65333333333333,,
"USA","United States","IRL","Long-term interest rate on government bonds","Q","Quarterly","2019-Q2","Q2-2019","PC","Percentage","0","Units",,,2.33333333333333,,
"USA","United States","IRL","Long-term interest rate on government bonds","Q","Quarterly","2019-Q3","Q3-2019","PC","Percentage","0","Units",,,1.79666666666667,,
"USA","United States","IRL","Long-term interest rate on government bonds","Q","Quarterly","2019-Q4","Q4-2019","PC","Percentage","0","Units",,,1.79333333333333,,
"USA","United States","IRL","Long-term interest rate on government bonds","Q","Quarterly","2020-Q1","Q1-2020","PC","Percentage","0","Units",,,1.37666666666667,,
"USA","United States","IRL","Long-term interest rate on government bonds","Q","Quarterly","2020-Q2","Q2-2020","PC","Percentage","0","Units",,,0.686666666666667,,
"USA","United States","IRL","Long-term interest rate on government bonds","Q","Quarterly","2020-Q3","Q3-2020","PC","Percentage","0","Units",,,0.65,,
"USA","United States","IRL","Long-term interest rate on government bonds","Q","Quarterly","2020-Q4","Q4-2020","PC","Percentage","0","Units",,,0.863333333333334,,
"USA","United States","IRL","Long-term interest rate on government bonds","Q","Quarterly","2021-Q1","Q1-2021","PC","Percentage","0","Units",,,1.31666666666667,,
"USA","United States","IRL","Long-term interest rate on government bonds","Q","Quarterly","2021-Q2","Q2-2021","PC","Percentage","0","Units",,,1.59333333333333,,
"USA","United States","IRL","Long-term interest rate on government bonds","Q","Quarterly","2021-Q3","Q3-2021","PC","Percentage","0","Units",,,1.32333333333333,,
"USA","United States","IRL","Long-term interest rate on government bonds","Q","Quarterly","2021-Q4","Q4-2021","PC","Percentage","0","Units",,,1.53666666666667,,
"USA","United States","IRL","Long-term interest rate on government bonds","Q","Quarterly","2022-Q1","Q1-2022","PC","Percentage","0","Units",,,1.94,,
"USA","United States","IRL","Long-term interest rate on government bonds","Q","Quarterly","2022-Q2","Q2-2022","PC","Percentage","0","Units",,,2.93,,
"USA","United States","IRL","Long-term interest rate on government bonds","Q","Quarterly","2022-Q3","Q3-2022","PC","Percentage","0","Units",,,3.10666666666667,,
"USA","United States","IRL","Long-term interest rate on government bonds","Q","Quarterly","2022-Q4","Q4-2022","PC","Percentage","0","Units",,,3.83,,
"USA","United States","IRL","Long-term interest rate on government bonds","Q","Quarterly","2023-Q1","Q1-2023","PC","Percentage","0","Units",,,3.64666666666667,,
"USA","United States","IRL","Long-term interest rate on government bonds","Q","Quarterly","2023-Q2","Q2-2023","PC","Percentage","0","Units",,,3.9,,
"USA","United States","IRL","Long-term interest rate on government bonds","Q","Quarterly","2023-Q3","Q3-2023","PC","Percentage","0","Units",,,4.4,,
"CHN","China (People's Republic of)","IRS","Short-term interest rate","Q","Quarterly","2013-Q1","Q1-2013","PC","Percentage","0","Units",,,6,,
"CHN","China (People's Republic of)","IRS","Short-term interest rate","Q","Quarterly","2013-Q2","Q2-2013","PC","Percentage","0","Units",,,6,,
"CHN","China (People's Republic of)","IRS","Short-term interest rate","Q","Quarterly","2013-Q3","Q3-2013","PC","Percentage","0","Units",,,6,,
"CHN","China (People's Republic of)","IRS","Short-term interest rate","Q","Quarterly","2013-Q4","Q4-2013","PC","Percentage","0","Units",,,6,,
"CHN","China (People's Republic of)","IRS","Short-term interest rate","Q","Quarterly","2014-Q1","Q1-2014","PC","Percentage","0","Units",,,6,,
"CHN","China (People's Republic of)","IRS","Short-term interest rate","Q","Quarterly","2014-Q2","Q2-2014","PC","Percentage","0","Units",,,6,,
"CHN","China (People's Republic of)","IRS","Short-term interest rate","Q","Quarterly","2014-Q3","Q3-2014","PC","Percentage","0","Units",,,6,,
"CHN","China (People's Republic of)","IRS","Short-term interest rate","Q","Quarterly","2014-Q4","Q4-2014","PC","Percentage","0","Units",,,5.73333333333333,,
"CHN","China (People's Republic of)","IRS","Short-term interest rate","Q","Quarterly","2015-Q1","Q1-2015","PC","Percentage","0","Units",,,5.51666666666667,,
"CHN","China (People's Republic of)","IRS","Short-term interest rate","Q","Quarterly","2015-Q2","Q2-2015","PC","Percentage","0","Units",,,5.1,,
"CHN","China (People's Republic of)","IRS","Short-term interest rate","Q","Quarterly","2015-Q3","Q3-2015","PC","Percentage","0","Units",,,4.68333333333333,,
"CHN","China (People's Republic of)","IRS","Short-term interest rate","Q","Quarterly","2015-Q4","Q4-2015","PC","Percentage","0","Units",,,4.35,,
"CHN","China (People's Republic of)","IRS","Short-term interest rate","Q","Quarterly","2016-Q1","Q1-2016","PC","Percentage","0","Units",,,4.35,,
"CHN","China (People's Republic of)","IRS","Short-term interest rate","Q","Quarterly","2016-Q2","Q2-2016","PC","Percentage","0","Units",,,4.35,,
"CHN","China (People's Republic of)","IRS","Short-term interest rate","Q","Quarterly","2016-Q3","Q3-2016","PC","Percentage","0","Units",,,4.35,,
"CHN","China (People's Republic of)","IRS","Short-term interest rate","Q","Quarterly","2016-Q4","Q4-2016","PC","Percentage","0","Units",,,4.35,,
"CHN","China (People's Republic of)","IRS","Short-term interest rate","Q","Quarterly","2017-Q1","Q1-2017","PC","Percentage","0","Units",,,4.35,,
"CHN","China (People's Republic of)","IRS","Short-term interest rate","Q","Quarterly","2017-Q2","Q2-2017","PC","Percentage","0","Units",,,4.35,,
"CHN","China (People's Republic of)","IRS","Short-term interest rate","Q","Quarterly","2017-Q3","Q3-2017","PC","Percentage","0","Units",,,4.35,,
"CHN","China (People's Republic of)","IRS","Short-term interest rate","Q","Quarterly","2017-Q4","Q4-2017","PC","Percentage","0","Units",,,4.35,,
"CHN","China (People's Republic of)","IRS","Short-term interest rate","Q","Quarterly","2018-Q1","Q1-2018","PC","Percentage","0","Units",,,4.35,,
"CHN","China (People's Republic of)","IRS","Short-term interest rate","Q","Quarterly","2018-Q2","Q2-2018","PC","Percentage","0","Units",,,4.35,,
"CHN","China (People's Republic of)","IRS","Short-term interest rate","Q","Quarterly","2018-Q3","Q3-2018","PC","Percentage","0","Units",,,4.35,,
"CHN","China (People's Republic of)","IRS","Short-term interest rate","Q","Quarterly","2018-Q4","Q4-2018","PC","Percentage","0","Units",,,4.35,,
"CHN","China (People's Republic of)","IRS","Short-term interest rate","Q","Quarterly","2019-Q1","Q1-2019","PC","Percentage","0","Units",,,4.35,,
"CHN","China (People's Republic of)","IRS","Short-term interest rate","Q","Quarterly","2019-Q2","Q2-2019","PC","Percentage","0","Units",,,4.35,,
"CHN","China (People's Republic of)","IRS","Short-term interest rate","Q","Quarterly","2019-Q3","Q3-2019","PC","Percentage","0","Units",,,4.35,,
"CHN","China (People's Republic of)","IRS","Short-term interest rate","Q","Quarterly","2019-Q4","Q4-2019","PC","Percentage","0","Units",,,4.35,,
"CHN","China (People's Republic of)","IRS","Short-term interest rate","Q","Quarterly","2020-Q1","Q1-2020","PC","Percentage","0","Units",,,4.35,,
"CHN","China (People's Republic of)","IRS","Short-term interest rate","Q","Quarterly","2020-Q2","Q2-2020","PC","Percentage","0","Units",,,4.35,,
"CHN","China (People's Republic of)","IRS","Short-term interest rate","Q","Quarterly","2020-Q3","Q3-2020","PC","Percentage","0","Units",,,4.35,,
"CHN","China (People's Republic of)","IRS","Short-term interest rate","Q","Quarterly","2020-Q4","Q4-2020","PC","Percentage","0","Units",,,4.35,,
"CHN","China (People's Republic of)","IRS","Short-term interest rate","Q","Quarterly","2021-Q1","Q1-2021","PC","Percentage","0","Units",,,4.35,,
"CHN","China (People's Republic of)","IRS","Short-term interest rate","Q","Quarterly","2021-Q2","Q2-2021","PC","Percentage","0","Units",,,4.35,,
"CHN","China (People's Republic of)","IRS","Short-term interest rate","Q","Quarterly","2021-Q3","Q3-2021","PC","Percentage","0","Units",,,4.35,,
"CHN","China (People's Republic of)","IRS","Short-term interest rate","Q","Quarterly","2021-Q4","Q4-2021","PC","Percentage","0","Units",,,4.35,,
"CHN","China (People's Republic of)","IRS","Short-term interest rate","Q","Quarterly","2022-Q1","Q1-2022","PC","Percentage","0","Units",,,4.35,,
"CHN","China (People's Republic of)","IRS","Short-term interest rate","Q","Quarterly","2022-Q2","Q2-2022","PC","Percentage","0","Units",,,4.35,,
"CHN","China (People's Republic of)","IRS","Short-term interest rate","Q","Quarterly","2022-Q3","Q3-2022","PC","Percentage","0","Units",,,4.35,,
"CHN","China (People's Republic of)","IRS","Short-term interest rate","Q","Quarterly","2022-Q4","Q4-2022","PC","Percentage","0","Units",,,4.35,,
"CHN","China (People's Republic of)","IRS","Short-term interest rate","Q","Quarterly","2023-Q1","Q1-2023","PC","Percentage","0","Units",,,4.3,,
"CHN","China (People's Republic of)","IRS","Short-term interest rate","Q","Quarterly","2023-Q2","Q2-2023","PC","Percentage","0","Units",,,4.3,,
"CHN","China (People's Republic of)","IRS","Short-term interest rate","Q","Quarterly","2023-Q3","Q3-2023","PC","Percentage","0","Units",,,4.3,,
"ZAF","South Africa","IRS","Short-term interest rate","Q","Quarterly","2013-Q1","Q1-2013","PC","Percentage","0","Units",,,5.04719017094017,,
"ZAF","South Africa","IRS","Short-term interest rate","Q","Quarterly","2013-Q2","Q2-2013","PC","Percentage","0","Units",,,5.09110228539576,,
"ZAF","South Africa","IRS","Short-term interest rate","Q","Quarterly","2013-Q3","Q3-2013","PC","Percentage","0","Units",,,5.09122777777778,,
"ZAF","South Africa","IRS","Short-term interest rate","Q","Quarterly","2013-Q4","Q4-2013","PC","Percentage","0","Units",,,5.083427887196,,
"ZAF","South Africa","IRS","Short-term interest rate","Q","Quarterly","2014-Q1","Q1-2014","PC","Percentage","0","Units",,,5.50482777777778,,
"ZAF","South Africa","IRS","Short-term interest rate","Q","Quarterly","2014-Q2","Q2-2014","PC","Percentage","0","Units",,,5.75346313131313,,
"ZAF","South Africa","IRS","Short-term interest rate","Q","Quarterly","2014-Q3","Q3-2014","PC","Percentage","0","Units",,,6.01173333333333,,
"ZAF","South Africa","IRS","Short-term interest rate","Q","Quarterly","2014-Q4","Q4-2014","PC","Percentage","0","Units",,,5.92234224369297,,
"ZAF","South Africa","IRS","Short-term interest rate","Q","Quarterly","2015-Q1","Q1-2015","PC","Percentage","0","Units",,,5.89601953601954,,
"ZAF","South Africa","IRS","Short-term interest rate","Q","Quarterly","2015-Q2","Q2-2015","PC","Percentage","0","Units",,,5.76004306418219,,
"ZAF","South Africa","IRS","Short-term interest rate","Q","Quarterly","2015-Q3","Q3-2015","PC","Percentage","0","Units",,,6.14552179487179,,
"ZAF","South Africa","IRS","Short-term interest rate","Q","Quarterly","2015-Q4","Q4-2015","PC","Percentage","0","Units",,,6.40722692307692,,
"ZAF","South Africa","IRS","Short-term interest rate","Q","Quarterly","2016-Q1","Q1-2016","PC","Percentage","0","Units",,,6.94388803418803,,
"ZAF","South Africa","IRS","Short-term interest rate","Q","Quarterly","2016-Q2","Q2-2016","PC","Percentage","0","Units",,,7.17733333333333,,
"ZAF","South Africa","IRS","Short-term interest rate","Q","Quarterly","2016-Q3","Q3-2016","PC","Percentage","0","Units",,,7.31315897435898,,
"ZAF","South Africa","IRS","Short-term interest rate","Q","Quarterly","2016-Q4","Q4-2016","PC","Percentage","0","Units",,,7.47793803418803,,
"ZAF","South Africa","IRS","Short-term interest rate","Q","Quarterly","2017-Q1","Q1-2017","PC","Percentage","0","Units",,,7.31912222222222,,
"ZAF","South Africa","IRS","Short-term interest rate","Q","Quarterly","2017-Q2","Q2-2017","PC","Percentage","0","Units",,,7.39597902097902,,
"ZAF","South Africa","IRS","Short-term interest rate","Q","Quarterly","2017-Q3","Q3-2017","PC","Percentage","0","Units",,,7.19889328063241,,
"ZAF","South Africa","IRS","Short-term interest rate","Q","Quarterly","2017-Q4","Q4-2017","PC","Percentage","0","Units",,,7.41345760233918,,
"ZAF","South Africa","IRS","Short-term interest rate","Q","Quarterly","2018-Q1","Q1-2018","PC","Percentage","0","Units",,,7.16730303030303,,
"ZAF","South Africa","IRS","Short-term interest rate","Q","Quarterly","2018-Q2","Q2-2018","PC","Percentage","0","Units",,,7.00638072453862,,
"ZAF","South Africa","IRS","Short-term interest rate","Q","Quarterly","2018-Q3","Q3-2018","PC","Percentage","0","Units",,,7.11200956937799,,
"ZAF","South Africa","IRS","Short-term interest rate","Q","Quarterly","2018-Q4","Q4-2018","PC","Percentage","0","Units",,,7.33607890499195,,
"ZAF","South Africa","IRS","Short-term interest rate","Q","Quarterly","2019-Q1","Q1-2019","PC","Percentage","0","Units",,,7.26766666666667,,
"ZAF","South Africa","IRS","Short-term interest rate","Q","Quarterly","2019-Q2","Q2-2019","PC","Percentage","0","Units",,,7.12755764411027,,
"ZAF","South Africa","IRS","Short-term interest rate","Q","Quarterly","2019-Q3","Q3-2019","PC","Percentage","0","Units",,,6.96217563837129,,
"ZAF","South Africa","IRS","Short-term interest rate","Q","Quarterly","2019-Q4","Q4-2019","PC","Percentage","0","Units",,,6.97962732919255,,
"ZAF","South Africa","IRS","Short-term interest rate","Q","Quarterly","2020-Q1","Q1-2020","PC","Percentage","0","Units",,,6.42749230769231,,
"ZAF","South Africa","IRS","Short-term interest rate","Q","Quarterly","2020-Q2","Q2-2020","PC","Percentage","0","Units",,,4.45248695652174,,
"ZAF","South Africa","IRS","Short-term interest rate","Q","Quarterly","2020-Q3","Q3-2020","PC","Percentage","0","Units",,,3.69490864197531,,
"ZAF","South Africa","IRS","Short-term interest rate","Q","Quarterly","2020-Q4","Q4-2020","PC","Percentage","0","Units",,,3.60758580246914,,
"ZAF","South Africa","IRS","Short-term interest rate","Q","Quarterly","2021-Q1","Q1-2021","PC","Percentage","0","Units",,,3.7988,,
"ZAF","South Africa","IRS","Short-term interest rate","Q","Quarterly","2021-Q2","Q2-2021","PC","Percentage","0","Units",,,3.71253132832081,,
"ZAF","South Africa","IRS","Short-term interest rate","Q","Quarterly","2021-Q3","Q3-2021","PC","Percentage","0","Units",,,3.81168831168831,,
"ZAF","South Africa","IRS","Short-term interest rate","Q","Quarterly","2021-Q4","Q4-2021","PC","Percentage","0","Units",,,3.81222222222222,,
"ZAF","South Africa","IRS","Short-term interest rate","Q","Quarterly","2022-Q1","Q1-2022","PC","Percentage","0","Units",,,3.68944733044733,,
"ZAF","South Africa","IRS","Short-term interest rate","Q","Quarterly","2022-Q2","Q2-2022","PC","Percentage","0","Units",,,4.62833333333334,,
"ZAF","South Africa","IRS","Short-term interest rate","Q","Quarterly","2022-Q3","Q3-2022","PC","Percentage","0","Units",,,5.63388167388167,,
"ZAF","South Africa","IRS","Short-term interest rate","Q","Quarterly","2022-Q4","Q4-2022","PC","Percentage","0","Units",,,6.30333014354067,,
"ZAF","South Africa","IRS","Short-term interest rate","Q","Quarterly","2023-Q1","Q1-2023","PC","Percentage","0","Units",,,6.71395598845599,,
"ZAF","South Africa","IRS","Short-term interest rate","Q","Quarterly","2023-Q2","Q2-2023","PC","Percentage","0","Units",,,7.21395598845599,,
"ZAF","South Africa","IRS","Short-term interest rate","Q","Quarterly","2023-Q3","Q3-2023","PC","Percentage","0","Units",,,7.21395598845599,,
"ZAF","South Africa","IRL","Long-term interest rate on government bonds","Q","Quarterly","2013-Q1","Q1-2013","PC","Percentage","0","Units",,,7.31001674641148,,
"ZAF","South Africa","IRL","Long-term interest rate on government bonds","Q","Quarterly","2013-Q2","Q2-2013","PC","Percentage","0","Units",,,7.28447026657553,,
"ZAF","South Africa","IRL","Long-term interest rate on government bonds","Q","Quarterly","2013-Q3","Q3-2013","PC","Percentage","0","Units",,,8.16837715665976,,
"ZAF","South Africa","IRL","Long-term interest rate on government bonds","Q","Quarterly","2013-Q4","Q4-2013","PC","Percentage","0","Units",,,8.11551233155352,,
"ZAF","South Africa","IRL","Long-term interest rate on government bonds","Q","Quarterly","2014-Q1","Q1-2014","PC","Percentage","0","Units",,,8.53010606060606,,
"ZAF","South Africa","IRL","Long-term interest rate on government bonds","Q","Quarterly","2014-Q2","Q2-2014","PC","Percentage","0","Units",,,8.30208771929825,,
"ZAF","South Africa","IRL","Long-term interest rate on government bonds","Q","Quarterly","2014-Q3","Q3-2014","PC","Percentage","0","Units",,,8.21299516908212,,
"ZAF","South Africa","IRL","Long-term interest rate on government bonds","Q","Quarterly","2014-Q4","Q4-2014","PC","Percentage","0","Units",,,7.93022463768116,,
"ZAF","South Africa","IRL","Long-term interest rate on government bonds","Q","Quarterly","2015-Q1","Q1-2015","PC","Percentage","0","Units",,,7.58764790764791,,
"ZAF","South Africa","IRL","Long-term interest rate on government bonds","Q","Quarterly","2015-Q2","Q2-2015","PC","Percentage","0","Units",,,8.0741081871345,,
"ZAF","South Africa","IRL","Long-term interest rate on government bonds","Q","Quarterly","2015-Q3","Q3-2015","PC","Percentage","0","Units",,,8.30205003450656,,
"ZAF","South Africa","IRL","Long-term interest rate on government bonds","Q","Quarterly","2015-Q4","Q4-2015","PC","Percentage","0","Units",,,8.67279942279942,,
"ZAF","South Africa","IRL","Long-term interest rate on government bonds","Q","Quarterly","2016-Q1","Q1-2016","PC","Percentage","0","Units",,,9.37313492063492,,
"ZAF","South Africa","IRL","Long-term interest rate on government bonds","Q","Quarterly","2016-Q2","Q2-2016","PC","Percentage","0","Units",,,9.13963492063492,,
"ZAF","South Africa","IRL","Long-term interest rate on government bonds","Q","Quarterly","2016-Q3","Q3-2016","PC","Percentage","0","Units",,,8.67912698412698,,
"ZAF","South Africa","IRL","Long-term interest rate on government bonds","Q","Quarterly","2016-Q4","Q4-2016","PC","Percentage","0","Units",,,8.87546555783398,,
"ZAF","South Africa","IRL","Long-term interest rate on government bonds","Q","Quarterly","2017-Q1","Q1-2017","PC","Percentage","0","Units",,,8.71121572871573,,
"ZAF","South Africa","IRL","Long-term interest rate on government bonds","Q","Quarterly","2017-Q2","Q2-2017","PC","Percentage","0","Units",,,8.83434598081657,,
"ZAF","South Africa","IRL","Long-term interest rate on government bonds","Q","Quarterly","2017-Q3","Q3-2017","PC","Percentage","0","Units",,,9.1277417027417,,
"ZAF","South Africa","IRL","Long-term interest rate on government bonds","Q","Quarterly","2017-Q4","Q4-2017","PC","Percentage","0","Units",,,9.5427033492823,,
"ZAF","South Africa","IRL","Long-term interest rate on government bonds","Q","Quarterly","2018-Q1","Q1-2018","PC","Percentage","0","Units",,,8.773,,
"ZAF","South Africa","IRL","Long-term interest rate on government bonds","Q","Quarterly","2018-Q2","Q2-2018","PC","Percentage","0","Units",,,8.86798701298701,,
"ZAF","South Africa","IRL","Long-term interest rate on government bonds","Q","Quarterly","2018-Q3","Q3-2018","PC","Percentage","0","Units",,,9.29968102073365,,
"ZAF","South Africa","IRL","Long-term interest rate on government bonds","Q","Quarterly","2018-Q4","Q4-2018","PC","Percentage","0","Units",,,9.56963768115942,,
"ZAF","South Africa","IRL","Long-term interest rate on government bonds","Q","Quarterly","2019-Q1","Q1-2019","PC","Percentage","0","Units",,,9.26495454545455,,
"ZAF","South Africa","IRL","Long-term interest rate on government bonds","Q","Quarterly","2019-Q2","Q2-2019","PC","Percentage","0","Units",,,9.06389891395154,,
"ZAF","South Africa","IRL","Long-term interest rate on government bonds","Q","Quarterly","2019-Q3","Q3-2019","PC","Percentage","0","Units",,,8.90158847481021,,
"ZAF","South Africa","IRL","Long-term interest rate on government bonds","Q","Quarterly","2019-Q4","Q4-2019","PC","Percentage","0","Units",,,9.05985725182522,,
"ZAF","South Africa","IRL","Long-term interest rate on government bonds","Q","Quarterly","2020-Q1","Q1-2020","PC","Percentage","0","Units",,,9.60127575757576,,
"ZAF","South Africa","IRL","Long-term interest rate on government bonds","Q","Quarterly","2020-Q2","Q2-2020","PC","Percentage","0","Units",,,10.4215756056809,,
"ZAF","South Africa","IRL","Long-term interest rate on government bonds","Q","Quarterly","2020-Q3","Q3-2020","PC","Percentage","0","Units",,,10.2224772256729,,
"ZAF","South Africa","IRL","Long-term interest rate on government bonds","Q","Quarterly","2020-Q4","Q4-2020","PC","Percentage","0","Units",,,10.0476406926407,,
"ZAF","South Africa","IRL","Long-term interest rate on government bonds","Q","Quarterly","2021-Q1","Q1-2021","PC","Percentage","0","Units",,,9.7679090909091,,
"ZAF","South Africa","IRL","Long-term interest rate on government bonds","Q","Quarterly","2021-Q2","Q2-2021","PC","Percentage","0","Units",,,9.79076023391815,,
"ZAF","South Africa","IRL","Long-term interest rate on government bonds","Q","Quarterly","2021-Q3","Q3-2021","PC","Percentage","0","Units",,,9.60518037518038,,
"ZAF","South Africa","IRL","Long-term interest rate on government bonds","Q","Quarterly","2021-Q4","Q4-2021","PC","Percentage","0","Units",,,9.99507936507936,,
"ZAF","South Africa","IRL","Long-term interest rate on government bonds","Q","Quarterly","2022-Q1","Q1-2022","PC","Percentage","0","Units",,,9.85928787878787,,
"ZAF","South Africa","IRL","Long-term interest rate on government bonds","Q","Quarterly","2022-Q2","Q2-2022","PC","Percentage","0","Units",,,10.4565873015873,,
"ZAF","South Africa","IRL","Long-term interest rate on government bonds","Q","Quarterly","2022-Q3","Q3-2022","PC","Percentage","0","Units",,,11.1988383838384,,
"ZAF","South Africa","IRL","Long-term interest rate on government bonds","Q","Quarterly","2022-Q4","Q4-2022","PC","Percentage","0","Units",,,11.4312352851827,,
"ZAF","South Africa","IRL","Long-term interest rate on government bonds","Q","Quarterly","2023-Q1","Q1-2023","PC","Percentage","0","Units",,,11.0709826839827,,
"ZAF","South Africa","IRL","Long-term interest rate on government bonds","Q","Quarterly","2023-Q2","Q2-2023","PC","Percentage","0","Units",,,11.2,,
"ZAF","South Africa","IRL","Long-term interest rate on government bonds","Q","Quarterly","2023-Q3","Q3-2023","PC","Percentage","0","Units",,,11.2,,
